{"stats":{"minecraft:custom":{"minecraft:jump":35,"minecraft:time_since_rest":12667,"minecraft:leave_game":1,"minecraft:walk_on_water_one_cm":73,"minecraft:sprint_one_cm":3902,"minecraft:play_time":12667,"minecraft:damage_taken":60,"minecraft:time_since_death":12667,"minecraft:walk_one_cm":1460,"minecraft:total_world_time":12667,"minecraft:walk_under_water_one_cm":279,"minecraft:swim_one_cm":2770,"minecraft:fall_one_cm":2264,"minecraft:fly_one_cm":5726},"minecraft:picked_up":{"minecraft:mutton":2,"minecraft:white_wool":1}},"DataVersion":3465}